interval,lower,upper
1,0.3233333333333333,0.3233333333333333
2,0.3233333333333333,0.3233333333333333
3,11.443333333333332,11.443333333333332
4,24.973333333333333,24.973333333333333
5,,
