interval,lower,upper
1,3.2566666666666664,3.2566666666666664
2,5.446666666666666,5.446666666666666
3,23.05666666666667,23.05666666666667
4,28.52,28.52
5,,
