interval,lower,upper
1,-4.72,-4.72
2,4.783333333333333,4.783333333333333
3,39.983333333333334,39.983333333333334
4,39.983333333333334,39.983333333333334
5,,
