interval,lower,upper
1,-0.2391666666666666,-0.2391666666666666
2,2.015,2.015
3,2.891666666666667,2.891666666666667
4,2.891666666666667,2.891666666666667
5,,
