interval,lower,upper
1,2.015,2.015
2,3.2566666666666664,3.2566666666666664
3,3.2566666666666664,3.2566666666666664
4,3.2566666666666664,3.2566666666666664
5,,
