interval,lower,upper
1,-0.2391666666666666,-0.2391666666666666
2,2.891666666666667,2.891666666666667
3,2.891666666666667,2.891666666666667
4,40.62833333333334,40.62833333333334
5,43.18000000000001,43.18000000000001
6,,
