interval,lower,upper
1,31.746666666666663,31.746666666666663
2,,
3,,
4,31.746666666666663,31.746666666666663
5,31.746666666666663,31.746666666666663
