interval,lower,upper
1,-4.72,-4.72
2,10.496666666666668,10.496666666666668
3,22.633333333333336,22.633333333333336
4,22.633333333333336,22.633333333333336
5,,
