interval,lower,upper
1,0.3233333333333333,0.3233333333333333
2,0.3233333333333333,0.3233333333333333
3,1.3866666666666667,1.3866666666666667
4,20.256666666666664,20.256666666666664
5,,
